Piper,Higgins,1-165-448-19,ut.pellentesque@Nullamenim.org,"866-9924 Magna. Av.",Rye,ON,"N9P 9G3",1971-06-03
Palmer,Barrera,1-781-382-84,Donec.consectetuer@nuncullamco,"2655 Augue Street",Cleveland,NL,"U9Q 1J3",1970-04-25
Forrest,Landry,1-601-259-05,Aliquam.nec@Vestibulumanteipsu,"529-760 Primis Street",Turlock,NS,"M2J 3M6",1966-06-07
Owen,Boyer,1-727-655-79,lacus.varius@urnasuscipit.com,"967-7532 Molestie. Avenue",Somerville,NU,"F9Q 3T3",1982-11-08
Roary,Martin,1-194-683-81,et.ipsum.cursus@Morbiquisurna.,"Ap #261-7127 Lectus Av.","Sioux Falls",NL,"P6Z 2A7",1960-07-18
Blair,Yang,1-619-688-22,Mauris.quis.turpis@metusfacili,"7557 Eu St.","Thousand Oaks",BC,"L3Z 7O4",1982-11-30
Samson,Ochoa,1-309-979-63,risus.Donec@arcu.ca,"3081 Iaculis Road","San Clemente",MB,"H1C 3I4",1967-05-28
Samson,Huber,1-922-760-76,tincidunt@laoreetlectusquis.ca,"4685 Vitae Road",Kennesaw,NB,"D7B 1F3",1966-12-12
Wesley,Todd,1-647-738-00,arcu.Vestibulum@nostra.ca,"7226 Diam Avenue",Bellflower,NT,"V6V 8O2",1980-05-31
Hamish,Taylor,1-924-809-03,auctor.odio.a@duinec.ca,"Ap #125-7692 Duis Av.",Caguas,NT,"K9B 1Z4",1982-10-05
Avye,Barron,1-388-698-51,Nullam@ligulaAeneangravida.com,"Ap #915-7949 Donec Rd.","West Allis",NT,"P9Z 4R0",1974-05-07
Charde,Dunn,1-357-831-99,urna@sem.edu,"304-5920 Tellus Rd.",Chesapeake,NL,"F2N 8T7",1976-04-16
Zoe,England,1-663-558-31,auctor.Mauris@nonlobortisquis.,"279-4028 Erat. Rd.",Beverly,QC,"M8P 9P6",1976-12-03
Alexis,Gilmore,1-886-188-58,mauris.sit.amet@penatibuset.or,"Ap #412-1054 Nonummy Street",Temecula,PE,"W6S 6L7",1977-10-25
Sonia,Ayers,1-598-429-14,lectus@acmi.ca,"Ap #990-5463 Maecenas St.",Rosemead,NL,"W2Z 1U8",1971-10-31
Isaiah,Stevens,1-918-821-72,fringilla.porttitor.vulputate@,"6132 Erat Road",Gatlinburg,BC,"U5T 4D6",1956-08-25
Roanna,Downs,1-969-912-99,ac.sem@duinectempus.edu,"7691 Rhoncus Av.",Warwick,NB,"S2X 6Q9",1967-10-30
Madison,Stevenson,1-898-794-30,Donec.consectetuer.mauris@morb,"P.O. Box 872 6306 Donec St.","Brigham City",NT,"L5K 9L0",1966-06-14
Hyatt,Sanchez,1-483-989-66,libero@nislMaecenasmalesuada.e,"P.O. Box 922 7698 Sed St.","Las Cruces",AB,"M1N 8M9",1972-01-06
Colleen,Hutchinson,1-945-606-67,Suspendisse.sagittis.Nullam@In,"3896 Nunc Ave","Pembroke Pines",NT,"V4M 2J4",1974-09-11
Dana,Snow,1-592-165-00,Fusce@nectempus.com,"Ap #790-6746 Tellus Street",Agawam,NT,"L3S 4X9",1972-08-09
Akeem,Mcfadden,1-997-457-20,Integer.tincidunt@sit.org,"271-3230 Porttitor Av.",Kalamazoo,NT,"C1P 6X6",1975-10-28
Julian,Ayers,1-191-550-84,sed.consequat@rutrum.org,"7403 Mollis. Av.",Kalispell,YT,"Q7J 5O9",1974-04-29
Kirestin,Mcmahon,1-244-146-84,lacus@mollis.edu,"328-5079 Felis St.",Milford,BC,"R5A 9X5",1969-08-05
Jarrod,Huber,1-469-899-27,consectetuer.cursus.et@Praesen,"P.O. Box 419 4348 Elit. Ave","Falls Church",MB,"I5Z 1F4",1983-05-30
Amaya,Jackson,1-762-542-03,Fusce@utaliquam.ca,"P.O. Box 121 3581 Purus Avenue",Richland,MB,"R2Q 9T6",1974-09-13
Fitzgerald,Shepard,1-206-777-05,magnis.dis.parturient@Cras.ca,"P.O. Box 380 5309 Amet Avenue",Kennewick,ON,"S5H 2I6",1961-03-21
Ivy,Kramer,1-437-867-12,aliquet.libero@pedemalesuadave,"346-4462 Suspendisse Ave",Nenana,NL,"B1J 8N8",1968-04-12
Marcia,Pierce,1-799-342-93,vel@Inornare.edu,"P.O. Box 861 1385 Consequat Rd.",Pottsville,MB,"A6U 7T4",1963-11-22
Oleksandr,Doroshchuk,89023055882,dorya2005@mail.ru,8-492e,Truro,NS,"B2N 0A5",2021-01-28
Oleksandr,Doroshchuk,89023055882,dorya2005@mail.ru,8-492e,Truro,NS,"B2N 0A5",2021-01-30
Oleksandr,Doroshchuk,89023055882,dorya2005@mail.ru,8-492e,Truro,NS,"B2N 0A5",2021-01-30
Ferris,Ferrell,1-986-568-43,fringilla.ornare@Phasellusat.c,"P.O. Box 453 3973 Nulla Rd.",Racine,ON,"P5D 8W4",1957-02-11
Bryar,Steele,1-473-168-38,ut.nulla@mollis.ca,"P.O. Box 216 6350 In Avenue",Valparaiso,BC,"Q1J 5M5",1972-10-29
Haley,Small,1-379-952-73,semper.et.lacinia@velit.edu,"P.O. Box 653 8648 Dolor. Avenue",Fontana,NS,"N7L 1H8",1971-10-05
Sonia,Marquez,1-574-102-42,ante.Nunc@pharetra.org,"P.O. Box 832 2365 Pede. Avenue",Paducah,MB,"Z6F 3K0",1964-07-10
Robert,Tyson,1-829-944-29,auctor.nunc@Sedeu.org,"Ap #738-9722 Lobortis Street","Port St. Lucie",SK,"L4Y 8L7",1964-11-04
Pascale,Flowers,1-172-514-48,sodales.elit@rhoncus.com,"3950 In Av.","Mission Viejo",SK,"H9E 2J9",1978-01-06
Sophia,Nixon,1-958-472-86,sed@ametnullaDonec.org,"Ap #810-427 Tincidunt Rd.","Jersey City",NL,"H5W 6K7",1960-05-11
Ferris,Gonzalez,1-317-146-60,tortor.nibh@posuerevulputate.c,"Ap #124-9508 Posuere Rd.",Alhambra,NL,"U5Y 2G2",1983-01-12
